ANO_INGRESSO;CURSO;SEXO;PSELETIVO;COTAORIG;COTA;Enem-L;Enem-CH;Enem-CN;Enem-M;Enem-R;EnemTotal;CR-1P;N-DISC-APRV;TX-APROVEIT;1A-OPÇÃO;ACOLHIMENTO;GRAD-PREV;TIPO-EM;MODAL-EM;CONCLUSÃO-EM;INGLÊS;LING-PROG;DESLOCAMENTO-MODAL;TEMPO-DESLOC;INTERNET;COMPUTADOR-TER;COMPUTADOR-USO;PAIS-FORMAÇÃO;MORADIA-PROPRIA;RENDA-CONTRIBUI;MORADIA-QTOS;RENDA-TOTAL1;RENDA-TOTAL2;TRABALHO;ESTADO-CIVIL;FILHOS;RELIGIAO-TIPO;RELIGIAO-FE;RELIGIAO-FREQ;CONVERSA;LAZER-FREQ
2018;IE08;M;PSC;AC;AC;;;;;;;6.530;9;0.7347;Sim;Não;Não;privada;tradicional;1;4;Não;Carona;<1h;Sim;Sim;Exclusivo;1;Própria;Mãe;2;3 a 4.5 SM;3;Não;Solteiro;Não;Sim;1;0;3;5
2018;IE08;F;SISU;PPI2;NRenda;541.3;566.9;525.2;629.6;940.0;640.6;5.536;8;0.6531;Sim;Não;Não;pública;tradicional;1;2;Não;Ônibus;<1h;Sim;Sim;Compartilhado;0;Própria;Pai;5;3 a 4.5 SM;3;Não;Solteiro;Não;Sim;;4;3;4
2018;IE08;F;SISU;PPI2;NRenda;625;642.4;602.5;676.7;880.0;685.3;3.514;4;0.3265;Sim;Sim;Sim;pública;tradicional;4;3;Não;Ônibus;<1h;Sim;Não;Compartilhado;0;Alugada;Outros;1;<1.5 SM;1;Não;Solteiro;Não;Não;0;0;3;3
2018;FT05;M;PSC;AC;AC;593.8;642.5;631.5;843.5;720.0;686.3;4.495;9;0.7627;Sim;Não;Não;privada;técnico;1;3;Sim;Ônibus;1h-2h;Sim;Sim;Compartilhado;2;Própria;Pai;6;4.5 a 6 SM;4;Não;Solteiro;Não;Sim;3;5;3;5
2018;IE08;M;SISU;NDC2;NRenda;628.7;677.8;649.2;737.2;580.0;654.6;6.799;7;0.5714;Sim;Não;Sim;pública;tradicional;6;4;Sim;Ônibus;1h-2h;Sim;Sim;Exclusivo;1;Própria;Outros;4;;;Não;Casado;Não;Sim;;;3;5
2018;IE08;M;SISU;AC;AC;560.7;658.7;654.3;770.1;920.0;712.8;7.302;10;0.8163;Sim;Não;Não;pública;técnico;1;4;Sim;Carona;1h-2h;Sim;Sim;Exclusivo;1;Alugada;Mãe;5;4.5 a 6 SM;4;Estágio;Solteiro;Não;Sim;4;4;1;4
2018;IE08;M;SISU;AC;AC;660.3;661.5;676.7;836.9;700.0;707.1;6.984;7;0.5714;Não;Não;Sim;privada;técnico;6;3;Sim;Veículo próprio;<1h;Sim;Sim;Compartilhado;1;Própria;Eu;4;6 a 10 SM;5;Tempo integral;Casado;Sim;Não;2;0;3;4
2018;IE08;M;SISU;AC;AC;575.7;664;623.7;890.1;700.0;690.7;6.522;6;0.4898;Não;Não;Sim;privada;técnico;4;3;Sim;Ônibus;<1h;Sim;Sim;Exclusivo;0;Alugada;Mãe;6;3 a 4.5 SM;3;Informal;Solteiro;Não;Não;0;0;0;5
2018;IE08;F;PSC;AC;AC;624.8;614;639.2;665.4;820.0;672.7;7.396;9;0.7347;Sim;Sim;Não;privada;técnico;1;3;Sim;Veículo próprio;<1h;Sim;Sim;Compartilhado;2;Própria;Mãe;3;> 10 SM;6;Não;Solteiro;Não;Sim;3;4;3;2
2018;IE17;M;SISU;PPI1;Renda;571.8;621.7;603.9;639.2;720.0;631.3;4.353;3;0.2727;Sim;Não;Sim;pública;tradicional;3;2;Não;Ônibus;<1h;Sim;Sim;Compartilhado;2;Própria;Pai;5;<1.5 SM;1;Não;Solteiro;Não;Sim;;;3;5
2018;FT05;M;PSC;PPI2;NRenda;559;572.8;429.5;695.3;760.0;603.3;4.320;8;0.6780;Sim;Não;Não;pública;tradicional;1;3;Não;Ônibus;1h-2h;Sim;Sim;Compartilhado;0;Própria;Pai;5;1.5 a 3 SM;2;Não;Solteiro;Não;Sim;4;5;3;2
2018;FT05;M;PSC;PPI1;Renda;558.2;619.4;569.6;571.2;660.0;595.7;4.056;6;0.5085;Sim;Sim;Não;privada;técnico;1;3;Sim;Ônibus;<1h;Sim;Sim;Exclusivo;2;Própria;Pai;3;> 10 SM;6;Não;Solteiro;Não;Sim;;4;2;5
2018;FT05;M;SISU;AC;AC;600.7;709.6;619;846.6;620.0;679.2;6.409;12;10.169;Sim;Não;Não;privada;técnico;1;3;Sim;Ônibus;1h-2h;Sim;Sim;Exclusivo;0;Própria;Mãe;3;1.5 a 3 SM;2;Não;Solteiro;Não;Sim;3;1;2;5
2018;FT05;M;PSC;AC;AC;;;;;;;4.576;3;0.2542;Sim;Não;Não;pública;tradicional;1;4;Não;Ônibus;<1h;Sim;Sim;Exclusivo;0;Alugada;Pai;3;6 a 10 SM;5;Não;Solteiro;Não;Não;0;0;1;4
2018;IE08;F;PSC;AC;AC;652.2;685.1;699;794.1;800.0;726.1;6.628;9;0.7347;Sim;Não;Não;privada;tradicional;1;4;Não;Carona;<1h;Sim;Sim;Exclusivo;2;Própria;Mãe;3;;;Não;Solteiro;Não;Não;0;0;3;5
2018;IE08;M;PSC;NDC1;Renda;574.3;578.2;520.9;667.5;620.0;592.2;3.771;4;0.3265;Sim;Sim;Não;pública;tradicional;1;3;Sim;Ônibus;<1h;Sim;Sim;Compartilhado;2;Própria;Mãe;5;1.5 a 3 SM;2;Não;Solteiro;Não;Não;0;0;3;5
2018;FT05;M;SISU;AC;AC;539;577.6;576.2;760.6;760.0;642.7;4.018;5;0.4237;Sim;Sim;Não;pública;tradicional;1;2;Não;Ônibus;1h-2h;Sim;Sim;Exclusivo;2;Própria;Pai;6;6 a 10 SM;5;Não;Solteiro;Não;Sim;2;0;2;5
2018;IE17;M;SISU;PPI2;NRenda;609.3;613.5;605;741.2;640.0;641.8;5.595;8;0.7273;Sim;Não;Não;pública;tradicional;1;2;Não;Ônibus;1h-2h;Sim;Sim;Compartilhado;0;Própria;Pai;5;6 a 10 SM;5;Não;Solteiro;Não;Sim;1;2;0;3
2018;FT05;M;PSC;AC;AC;;;;;;;8.272;12;10.169;Sim;Sim;Não;privada;técnico;1;4;Sim;Ônibus;<1h;Sim;Sim;Exclusivo;0;Alugada;Mãe;3;3 a 4.5 SM;3;Não;Solteiro;Não;Sim;3;1;2;5
2018;IE17;M;SISU;PPI1;Renda;579.3;656.3;615.1;684.4;780.0;663.0;8.399;10;0.9091;Sim;Não;Não;pública;tradicional;1;4;Sim;Ônibus;1h-2h;Sim;Sim;Exclusivo;0;Própria;Mãe;5;<1.5 SM;1;Não;Solteiro;Não;Sim;4;4;3;2
2018;IE08;M;PSC;AC;AC;604.3;702.1;689.1;781.3;720.0;699.4;9.090;12;0.9796;Sim;Sim;Não;privada;técnico;1;4;Sim;Veículo próprio;<1h;Sim;Sim;Compartilhado;0;Própria;Pai;6;;;Não;Solteiro;Não;Sim;2;0;2;5
2018;IE17;F;SISU;PPI1;Renda;590.1;586.5;567.8;639.3;800.0;636.7;5.072;6;0.5455;Não;Sim;Não;pública;tradicional;1;3;Não;Carona;<1h;Sim;Sim;Compartilhado;1;Própria;Pai;3;<1.5 SM;1;Não;Solteiro;Não;Sim;3;4;3;4
2018;IE08;M;PSC;PPI2;NRenda;612.5;672.8;600.7;675.9;600.0;632.4;8.067;10;0.8163;Sim;Sim;Não;pública;tradicional;1;3;Sim;Ônibus;1h-2h;Sim;Sim;Exclusivo;1;Própria;Outros;4;;;Não;Solteiro;Não;Sim;2;4;3;5
2018;IE08;M;PSC;NDC1;Renda;;;;;;;2.462;0;0.0000;Sim;Não;Não;pública;tradicional;1;4;Não;Ônibus;1h-2h;Sim;Sim;Exclusivo;2;Própria;Outros;2;<1.5 SM;1;Tempo parcial;Solteiro;Não;Sim;2;2;3;4
2018;FT05;M;SISU;NDC1;Renda;551.9;632.6;536.6;649.7;840.0;642.2;5.247;9;0.7627;Sim;Não;Não;pública;tradicional;1;3;Não;Ônibus;<1h;Sim;Sim;Compartilhado;1;Própria;Outros;4;<1.5 SM;1;Não;Solteiro;Não;Sim;3;4;3;5
2018;IE17;F;PSC;PPI1;Renda;;;;;;;6.498;10;0.9091;Sim;Não;Não;pública;técnico;1;2;Sim;Ônibus;<1h;Sim;Sim;Compartilhado;0;Própria;Mãe;6;<1.5 SM;1;Não;Solteiro;Não;Sim;2;0;2;3
2018;IE08;M;SISU;AC;AC;598.4;596.6;609.8;643.9;880.0;665.7;5.127;7;0.5714;Não;Não;Não;privada;tradicional;2;3;Não;Ônibus;<1h;Sim;Sim;Compartilhado;0;Própria;Mãe;3;4.5 a 6 SM;4;Não;Solteiro;Não;Não;3;0;2;5
2018;FT05;M;PSC;AC;AC;;;;;;;4.003;4;0.3390;Sim;Não;Não;privada;tradicional;1;3;Não;Ônibus;1h-2h;Sim;Sim;Exclusivo;0;Própria;Mãe;6;;;Não;Solteiro;Não;Sim;3;;1;5
2018;IE17;M;PSC;AC;AC;581.1;591.2;537.7;560.7;720.0;598.1;5.917;7;0.6364;Não;Não;Não;privada;técnico;1;3;Sim;Ônibus;<1h;Sim;Sim;Exclusivo;2;Própria;Mãe;4;1.5 a 3 SM;2;Não;Solteiro;Não;Sim;3;4;2;5
2018;IE08;M;SISU;AC;AC;601.3;648;628.8;641.5;740.0;651.9;1.322;0;0.0000;Sim;Não;Sim;privada;tradicional;6;4;Não;Veículo próprio;<1h;Sim;Sim;Compartilhado;2;Própria;Mãe;2;1.5 a 3 SM;2;Informal;Solteiro;Não;Sim;3;2;3;5
2018;IE08;M;PSC;AC;AC;;;;;;;9.084;12;0.9796;Sim;Sim;Não;privada;técnico;1;3;Sim;Ônibus;1h-2h;Sim;Sim;Compartilhado;0;Própria;Outros;6;1.5 a 3 SM;2;Não;Solteiro;Não;Não;1;0;3;2
2018;IE08;M;SISU;PPI1;Renda;593.9;631.8;541.4;729.3;680.0;635.3;8.066;11;0.8980;Sim;Sim;Não;pública;tradicional;2;3;Não;Ônibus;1h-2h;Sim;Sim;Compartilhado;1;Própria;Pai;5;<1.5 SM;1;Informal;Solteiro;Não;Sim;2;0;3;4
2018;FT05;M;PSC;AC;AC;600.6;638.3;647.9;760.4;520.0;633.4;1.788;0;0.0000;Sim;Não;Não;privada;tradicional;1;4;Não;Ônibus;1h-2h;Sim;Sim;Exclusivo;2;Própria;Pai;6;;;Tempo parcial;Solteiro;Não;Sim;4;0;1;5
2018;IE17;M;SISU;AC;AC;634.7;701.4;658.2;688.3;720.0;680.5;1.248;0;0.0000;Não;Não;Sim;pública;tradicional;6;4;Sim;Ônibus;1h-2h;Sim;Sim;Compartilhado;0;Alugada;Outros;4;3 a 4.5 SM;3;Tempo parcial;Casado;Sim;Sim;3;3;3;2
2018;IE17;M;PSC;PPI1;Renda;581.6;637.9;590.7;619.5;600.0;605.9;1.634;2;0.1818;Sim;Não;Não;pública;tradicional;1;1;Não;Ônibus;1h-2h;Sim;Sim;Exclusivo;0;Alugada;Mãe;2;<1.5 SM;1;Não;Solteiro;Não;Não;4;0;0;5
2018;IE17;M;PSC;AC;AC;;;;;;;3.918;3;0.2727;Sim;Não;Não;privada;tradicional;1;4;Não;Carona;<1h;Sim;Sim;Exclusivo;2;Própria;Pai;4;> 10 SM;6;Não;Solteiro;Não;Sim;2;;2;5
2018;FT05;M;SISU;NDC2;NRenda;579.3;629;640.2;619.9;860.0;665.7;4.488;9;0.7627;Sim;Não;Não;pública;técnico;3;3;Não;Ônibus;1h-2h;Sim;Sim;Compartilhado;0;Própria;Pai;5;<1.5 SM;1;Não;Solteiro;Não;Sim;2;0;3;5
2018;IE08;M;SISU;AC;AC;623.8;697.3;626.3;748.6;860.0;711.2;1.500;0;0.0000;Não;Não;Sim;privada;tradicional;5;4;Sim;Veículo próprio;<1h;Sim;Sim;Exclusivo;2;Própria;Pai;4;> 10 SM;6;Não;Solteiro;Não;Sim;2;0;3;5
2018;IE17;M;PSC;AC;AC;;;;;;;3.416;3;0.2727;Sim;Não;Sim;privada;tradicional;1;3;Não;Veículo próprio;<1h;Sim;Sim;Exclusivo;2;Própria;Pai;4;4.5 a 6 SM;4;Não;Solteiro;Não;Sim;1;1;2;4
2018;IE17;F;PSC;PPI2;NRenda;;;;;;;6.086;8;0.7273;Não;Não;Não;pública;tradicional;1;3;Não;Ônibus;1h-2h;Sim;Sim;Compartilhado;1;Própria;Pai;5;;;Não;Solteiro;Não;Sim;3;4;2;5
2018;IE08;M;SISU;PPI2;NRenda;641.5;663.1;724.4;729.6;560.0;663.7;8.227;10;0.8163;Sim;Sim;Sim;pública;tradicional;5;3;Não;Ônibus;<1h;Sim;Sim;Exclusivo;0;Própria;Mãe;5;4.5 a 6 SM;4;Não;Solteiro;Não;Não;1;0;1;5
2018;IE17;M;SISU;AC;AC;553.6;637.7;650.4;700.4;700.0;648.4;4.258;5;0.4545;Sim;Não;Sim;privada;tradicional;6;4;Não;Veículo próprio;<1h;Sim;Sim;Compartilhado;2;Própria;Pai;6;;;Não;Solteiro;Não;Sim;4;0;3;4
2018;FT05;M;PSC;AC;AC;;;;;;;5.684;8;0.6780;Sim;Não;Não;privada;técnico;1;3;Sim;Ônibus;1h-2h;Sim;Sim;Compartilhado;0;Própria;Pai;5;<1.5 SM;1;Não;Solteiro;Não;Sim;2;0;2;2
2018;IE17;M;PSC;PPI1;Renda;566.6;618;499.2;653.3;520.0;571.4;5.049;6;0.5455;Sim;Não;Não;pública;tradicional;1;3;Não;Ônibus;1h-2h;Sim;Sim;Compartilhado;1;Alugada;Pai;5;<1.5 SM;1;Não;Solteiro;Não;Sim;2;0;2;3
2018;IE08;F;SISU;PPI1;Renda;586.4;571.2;520.3;688.9;860.0;645.4;6.049;8;0.6531;Sim;Sim;Não;pública;tradicional;1;2;Não;Ônibus;1h-2h;Sim;Sim;Compartilhado;1;Própria;Mãe;3;<1.5 SM;1;Não;Solteiro;Não;Sim;4;4;2;3
2018;IE17;F;SISU;AC;AC;590.7;679.3;638.5;741.1;660.0;661.9;4.508;2;0.1818;Sim;Não;Sim;privada;tradicional;6;4;Sim;Ônibus;<1h;Sim;Sim;Compartilhado;1;Própria;Pai;4;3 a 4.5 SM;3;Não;Solteiro;Não;Sim;4;5;3;4
2018;IE08;M;PSC;AC;AC;619.5;646.9;599.8;721.6;740.0;665.6;6.415;10;0.8163;Sim;Sim;Não;privada;técnico;1;4;Sim;Ônibus;1h-2h;Sim;Sim;Exclusivo;1;Própria;Mãe;4;6 a 10 SM;5;Não;Solteiro;Não;Sim;1;0;2;5
2018;FT05;M;SISU;AC;AC;610.9;637;644.2;748.8;600.0;648.2;5.266;10;0.8475;Sim;Não;Sim;privada;técnico;2;3;Não;Ônibus;1h-2h;Sim;Sim;Compartilhado;2;Própria;Pai;5;6 a 10 SM;5;Não;Solteiro;Não;Sim;3;4;2;4
2018;IE17;M;PSC;AC;AC;578;666.7;638.8;817.9;980.0;736.3;8.855;10;0.9091;Sim;Não;Não;privada;técnico;1;3;Não;Ônibus;<1h;Sim;Sim;Exclusivo;1;Própria;Outros;6;1.5 a 3 SM;2;Tempo parcial;Solteiro;Não;Sim;1;4;2;3
2018;FT05;M;PSC;PPI1;Renda;;;;;;;2.920;3;0.2542;Sim;Não;Não;pública;tradicional;1;3;Não;Ônibus;1h-2h;Sim;Sim;Compartilhado;1;Própria;Pai;5;<1.5 SM;1;Não;Solteiro;Não;Sim;2;4;1;5
2018;IE08;M;SISU;PPI1;Renda;482.9;523.4;580.4;648.1;780.0;603.0;0.000;0;0.0000;Sim;Não;Não;pública;tradicional;2;2;Não;Ônibus;1h-2h;Sim;Sim;Compartilhado;0;Própria;Mãe;5;1.5 a 3 SM;2;Não;Solteiro;Sim;Sim;2;0;3;2
2018;FT05;F;SISU;AC;AC;586.5;606.6;590.5;627.4;800.0;642.2;4.008;7;0.5932;Sim;Sim;Não;privada;tradicional;1;3;Não;Ônibus;1h-2h;Sim;Sim;Exclusivo;1;Própria;Mãe;4;3 a 4.5 SM;3;Não;Solteiro;Não;Sim;2;4;3;5
2018;IE08;M;PSC;AC;AC;;;;;;;6.743;8;0.6531;Sim;Sim;Não;privada;técnico;1;4;Sim;Carona;1h-2h;Sim;Sim;Compartilhado;0;Alugada;Pai;4;3 a 4.5 SM;3;Não;Solteiro;Não;Não;0;0;1;5
2018;IE08;M;SISU;AC;AC;601.9;612.1;636.2;734;740.0;664.8;1.392;0;0.0000;Sim;Não;Não;privada;tradicional;1;4;Não;Carona;<1h;Sim;Sim;Exclusivo;1;Alugada;Pai;5;;;Não;Solteiro;Não;Não;0;0;2;5
2018;IE17;F;SISU;AC;AC;600.8;645.5;689.2;697.3;640.0;654.6;7.346;8;0.7273;Sim;Não;Sim;privada;técnico;1;3;Sim;Carona;<1h;Sim;Sim;Exclusivo;2;Própria;Pai;4;> 10 SM;6;Estágio;Solteiro;Não;Sim;4;5;3;4
2018;IE08;M;PSC;PPI1;Renda;592.2;643.2;595.7;627.2;680.0;627.7;8.010;11;0.8980;Sim;Sim;Não;pública;tradicional;1;3;Não;Ônibus;1h-2h;Sim;Sim;Exclusivo;2;Própria;Mãe;6;3 a 4.5 SM;3;Não;Solteiro;Não;Sim;;;3;3
2018;IE17;M;PSC;NDC1;Renda;;;;;;;4.089;3;0.2727;Sim;Não;Não;pública;técnico;1;3;Sim;Ônibus;1h-2h;Sim;Não;Compartilhado;1;Própria;Mãe;5;<1.5 SM;1;Não;Solteiro;Não;Sim;1;1;3;3
2018;FT05;M;PSC;PPI1;Renda;;;;;;;2.070;0;0.0000;Sim;Não;Não;pública;tradicional;1;3;Não;Ônibus;<1h;Não;Sim;Compartilhado;1;Própria;Outros;4;<1.5 SM;1;Não;Solteiro;Não;Sim;2;4;2;4
2018;IE17;F;SISU;AC;AC;614.2;664.5;591.5;688.1;780.0;667.7;8.286;10;0.9091;Sim;Não;Não;pública;técnico;1;4;Sim;Ônibus;1h-2h;Sim;Sim;Exclusivo;0;Própria;Pai;4;<1.5 SM;1;Não;Solteiro;Não;Não;0;0;3;3
2018;IE17;M;SISU;PPI2;NRenda;625.7;586.1;573.2;760.5;600.0;629.1;5.877;7;0.6364;Sim;Não;Não;pública;tradicional;2;3;Sim;Ônibus;1h-2h;Sim;Sim;Compartilhado;1;Própria;Eu;3;1.5 a 3 SM;2;Tempo integral;Solteiro;Não;Sim;2;0;3;4
2018;FT05;M;PSC;PPI2;NRenda;604.7;714.3;574.4;702;800.0;679.1;5.377;9;0.7627;Sim;Não;Não;pública;tradicional;1;3;Sim;Ônibus;>2h;Sim;Sim;Compartilhado;1;Própria;Mãe;4;1.5 a 3 SM;2;Não;Solteiro;Não;Não;1;1;2;4
2018;FT05;M;PSC;AC;AC;581.2;661;644.2;780.7;760.0;685.4;7.002;12;10.169;Sim;Não;Não;privada;técnico;1;3;Sim;Ônibus;1h-2h;Sim;Sim;Exclusivo;0;Própria;Mãe;6;1.5 a 3 SM;2;Não;Solteiro;Não;Sim;2;0;0;5
2018;IE17;M;SISU;PPI1;Renda;550;661.8;581.4;700.6;540.0;606.8;7.160;8;0.7273;Sim;Não;Sim;pública;tradicional;5;3;Não;Ônibus;<1h;Sim;Sim;Exclusivo;2;Própria;Outros;4;<1.5 SM;1;Não;Solteiro;Não;Sim;;0;3;5
2018;FT05;M;SISU;AC;AC;582.3;660;617.9;673.6;840.0;674.8;5.953;10;0.8475;Sim;Não;Não;pública;tradicional;1;3;Não;Ônibus;1h-2h;Não;Sim;Compartilhado;0;Alugada;Mãe;5;1.5 a 3 SM;2;Não;Solteiro;Não;Sim;2;4;2;2
2018;FT05;M;PSC;AC;AC;587.5;603.3;520.3;743.5;660.0;622.9;4.746;9;0.7627;Sim;Não;Não;privada;tradicional;1;3;Não;Ônibus;<1h;Sim;Sim;Exclusivo;2;Alugada;Pai;5;4.5 a 6 SM;4;Não;Solteiro;Não;Sim;3;4;3;5
2018;IE17;M;PSC;AC;AC;;;;;;;7.066;9;0.8182;Sim;Não;Não;privada;tradicional;1;3;Não;Ônibus;<1h;Sim;Sim;Compartilhado;0;Própria;Pai;5;1.5 a 3 SM;2;Não;Solteiro;Não;Sim;4;;3;3
2018;IE17;M;SISU;AC;AC;593.8;640.6;636.2;726.7;740.0;667.5;6.009;0;0.0000;Sim;Não;Sim;privada;tradicional;3;3;Sim;Ônibus;1h-2h;Sim;Sim;Compartilhado;0;Própria;Mãe;6;1.5 a 3 SM;2;Tempo integral;Solteiro;Não;Sim;;0;3;2
2018;FT05;M;PSC;AC;AC;;;;;;;6.685;11;0.9322;Sim;Não;Não;privada;técnico;1;3;Sim;Ônibus;1h-2h;Sim;Não;Compartilhado;0;Própria;Pai;6;1.5 a 3 SM;2;Não;Solteiro;Não;Sim;3;5;2;4
2018;FT05;M;SISU;AC;AC;592.6;691.7;694.7;645.2;720.0;668.8;7.754;9;0.7627;Sim;Não;Sim;privada;tradicional;6;3;Não;Ônibus;1h-2h;Sim;Sim;Exclusivo;1;Própria;Mãe;4;<1.5 SM;1;Não;Solteiro;Não;Sim;;;3;5
2018;FT05;M;PSC;AC;AC;;;;;;;3.222;4;0.3390;Sim;Não;Não;pública;tradicional;1;2;Não;Ônibus;1h-2h;Sim;Sim;Compartilhado;1;Alugada;Outros;5;1.5 a 3 SM;2;Não;Solteiro;Não;Não;2;0;2;4
2018;IE17;F;PSC;AC;AC;;;;;;;7.099;8;0.7273;Sim;Não;Não;privada;técnico;1;3;Sim;Ônibus;1h-2h;Sim;Sim;Compartilhado;0;Própria;Pai;5;1.5 a 3 SM;2;Não;Solteiro;Não;Não;;0;2;4
2018;IE08;F;PSC;AC;AC;;;;;;;7.933;11;0.8980;Sim;Sim;Não;privada;tradicional;1;3;Não;Carona;<1h;Sim;Sim;Compartilhado;2;Própria;Pai;5;;;Não;Solteiro;Não;Sim;3;4;3;5
2018;FT05;M;PSC;PPI1;Renda;;;;;;;3.955;4;0.3390;Sim;Não;Não;pública;tradicional;1;2;Não;Ônibus;1h-2h;Sim;Sim;Compartilhado;2;Própria;Pai;5;1.5 a 3 SM;2;Não;Solteiro;Não;Não;4;0;2;3
2018;IE17;M;SISU;NDC1;Renda;486.6;517;605.7;576.6;640.0;565.2;5.395;3;0.2727;Sim;Não;Sim;pública;tradicional;6;3;Sim;Veículo próprio;<1h;Sim;Sim;Compartilhado;1;Própria;Eu;3;<1.5 SM;1;Não;Solteiro;Não;Sim;4;4;3;5
2018;IE17;F;SISU;AC;AC;632.6;594.6;570.1;720.5;800.0;663.6;5.701;6;0.5455;Sim;Não;Sim;privada;tradicional;6;4;Sim;Veículo próprio;<1h;Sim;Sim;Exclusivo;2;Alugada;Pai;3;;;Informal;Solteiro;Não;Sim;3;4;3;3
2018;FT05;M;SISU;AC;AC;683.9;634.7;659.9;820.8;880.0;735.9;4.386;8;0.6780;Sim;Não;Não;privada;tradicional;1;4;Não;Ônibus;<1h;Sim;Sim;Exclusivo;2;Alugada;Mãe;2;1.5 a 3 SM;2;Não;Solteiro;Não;Não;0;2;2;5
2018;IE17;M;SISU;PPI1;Renda;569.1;623.2;536.7;672.7;740.0;628.3;3.098;4;0.3636;Sim;Não;Não;pública;tradicional;1;2;Sim;Ônibus;>2h;Sim;Sim;Compartilhado;;Própria;Outros;6;<1.5 SM;1;Não;Solteiro;Não;Sim;3;4;2;4
2018;IE08;M;PSC;NDC2;NRenda;;;;;;;5.526;6;0.4898;Sim;Sim;Não;pública;tradicional;1;4;Não;Ônibus;<1h;Sim;Sim;Compartilhado;1;Própria;Mãe;5;1.5 a 3 SM;2;Não;Solteiro;Não;Sim;3;2;3;3
2018;IE08;M;SISU;AC;AC;593.7;612.4;612.8;738.4;720.0;655.5;8.054;11;0.8980;Sim;Sim;Não;privada;técnico;1;4;Sim;Ônibus;<1h;Sim;Sim;Compartilhado;2;Própria;Mãe;3;1.5 a 3 SM;2;Não;Solteiro;Não;Sim;1;2;1;1
2018;FT05;M;SISU;AC;AC;511.5;590.5;585.6;641.8;920.0;649.9;4.835;8;0.6780;Sim;Não;Não;privada;tradicional;1;3;Não;Carona;<1h;Sim;Sim;Exclusivo;2;Própria;Pai;6;4.5 a 6 SM;4;Não;Solteiro;Não;Sim;1;0;2;4
2018;IE08;M;PSC;PPI1;Renda;617.5;619.2;651.1;833.7;600.0;664.3;6.129;8;0.6531;Sim;Não;Não;pública;técnico;1;4;Sim;Ônibus;1h-2h;Sim;Sim;Compartilhado;2;Própria;Mãe;3;1.5 a 3 SM;2;Não;Solteiro;Não;Não;0;0;2;5
2018;FT05;M;PSC;PPI2;NRenda;;;;;;;4.725;7;0.5932;Sim;Não;Não;pública;técnico;1;2;Não;Ônibus;<1h;Sim;Sim;Exclusivo;0;Alugada;Eu;3;<1.5 SM;1;Não;Solteiro;Não;Sim;3;0;2;5
2018;FT05;M;SISU;PPI2-PCD;NRenda;585;636.6;608.7;584.5;580.0;599.0;2.734;1;0.0847;Não;Sim;Não;pública;tradicional;2;1;Não;Ônibus;1h-2h;Sim;Sim;Compartilhado;0;Própria;Outros;6;;;Não;Solteiro;Não;Sim;4;;2;5
2018;IE08;M;SISU;PPI2;NRenda;624.7;648.6;659.5;680.9;660.0;654.7;6.260;8;0.6531;Sim;Não;Sim;pública;tradicional;6;3;Não;Ônibus;1h-2h;Sim;Sim;Exclusivo;0;Própria;Eu;1;<1.5 SM;1;Não;Solteiro;Não;Não;0;0;0;5
2018;FT05;M;PSC;NDC2;NRenda;;;;;;;3.698;4;0.3390;Sim;Não;Não;pública;tradicional;1;3;Não;Carona;1h-2h;Sim;Sim;Compartilhado;2;Alugada;Pai;4;;;Não;Solteiro;Não;Não;;0;2;5
2018;IE08;M;PSC;PPI2;NRenda;611.7;598.4;643.2;740.6;640.0;646.8;9.355;11;0.8980;Sim;Sim;Não;pública;técnico;1;3;Sim;Ônibus;1h-2h;Sim;Sim;Exclusivo;0;Própria;Pai;3;3 a 4.5 SM;3;Não;Solteiro;Não;Não;0;0;2;2
2018;IE17;F;SISU;NDC2;NRenda;519;610.3;524.4;720.9;800.0;634.9;8.645;8;0.7273;Sim;Sim;Sim;pública;técnico;1;4;Sim;Veículo próprio;<1h;Sim;Sim;Exclusivo;2;Própria;Pai;5;> 10 SM;6;Não;Solteiro;Não;Sim;3;4;3;4
2018;IE17;M;PSC;PPI2;NRenda;605.9;677.2;622.3;730.2;520.0;631.1;8.779;10;0.9091;Sim;Não;Não;pública;tradicional;1;3;Não;Ônibus;1h-2h;Sim;Sim;Compartilhado;0;Própria;Pai;6;3 a 4.5 SM;3;Não;Solteiro;Não;Sim;;;1;5
2018;FT05;M;PSC;AC;AC;;;;;;;3.870;3;0.2542;Sim;Não;Não;privada;técnico;1;3;Sim;Veículo próprio;<1h;Sim;Sim;Exclusivo;2;Própria;Mãe;4;> 10 SM;6;Não;Solteiro;Não;Sim;3;5;3;4
2018;IE08;M;PSC;AC;AC;;;;;;;9.553;12;0.9796;Sim;Sim;Não;privada;técnico;1;4;Sim;Ônibus;1h-2h;Sim;Sim;Exclusivo;2;Própria;Pai;4;> 10 SM;6;Não;Solteiro;Não;Não;0;0;1;5
2018;IE17;M;SISU;AC;AC;601;725.3;653.9;727.2;660.0;673.5;0.570;0;0.0000;Sim;Não;Sim;privada;tradicional;6;4;Não;Veículo próprio;<1h;Sim;Sim;Exclusivo;1;Própria;Mãe;3;1.5 a 3 SM;2;Não;Solteiro;Não;Sim;3;0;0;5
2018;FT05;M;SISU;PPI1;Renda;648.8;668.9;658;653;640.0;653.7;6.135;5;0.4237;Sim;Não;Sim;pública;tradicional;6;4;Sim;Ônibus;<1h;Sim;Sim;Compartilhado;0;Própria;Pai;6;1.5 a 3 SM;2;Estágio;Solteiro;Sim;Não;;0;2;3
2018;IE08;F;PSC;AC;AC;;;;;;;3.371;5;0.4082;Sim;Sim;Não;privada;técnico;1;3;Sim;Ônibus;1h-2h;Sim;Sim;Compartilhado;1;Própria;Pai;6;6 a 10 SM;5;Não;Solteiro;Não;Sim;;2;0;2
2018;IE17;M;PSC;AC;AC;;;;;;;4.224;5;0.4545;Sim;Não;Não;privada;tradicional;1;2;Sim;Ônibus;<1h;Sim;Sim;Compartilhado;0;Própria;Pai;3;4.5 a 6 SM;4;Não;Solteiro;Não;Sim;2;5;2;5
2018;FT05;M;SISU;AC;AC;561.9;651.3;597.6;625.5;620.0;611.3;2.421;2;0.1695;Não;Não;Sim;pública;tradicional;1;3;Não;Ônibus;1h-2h;Não;Sim;Compartilhado;1;Própria;Mãe;6;<1.5 SM;1;Não;Solteiro;Não;Não;0;0;2;5
2018;IE08;M;PSC;AC;AC;;;;;;;8.535;12;0.9796;Sim;Sim;Não;privada;técnico;1;3;Sim;Carona;<1h;Sim;Sim;Exclusivo;;Própria;Outros;5;;;Não;Solteiro;Não;Sim;;0;3;5
2018;IE08;F;SISU;PPI2-PCD;NRenda;582.4;608.3;442.6;604.2;540.0;555.5;3.074;3;0.2449;Sim;Não;Não;pública;tradicional;1;3;Não;Carona;<1h;Sim;Sim;Exclusivo;2;Própria;Mãe;4;1.5 a 3 SM;2;Não;Solteiro;Não;Sim;;;2;0
2018;IE08;M;SISU;PPI1;Renda;588.2;627.4;611.2;723.4;640.0;638.0;5.559;7;0.5714;Sim;Sim;Não;pública;técnico;1;3;Sim;Ônibus;<1h;Sim;Sim;Compartilhado;0;Própria;Pai;2;<1.5 SM;1;Não;Solteiro;Não;Sim;2;2;1;3
2018;IE17;M;PSC;PPI1;Renda;;;;;;;1.060;0;0.0000;Sim;Não;Não;pública;tradicional;1;3;Não;Ônibus;1h-2h;Sim;Sim;Compartilhado;1;Própria;Mãe;5;<1.5 SM;1;Não;Solteiro;Não;Sim;3;4;3;4
2018;IE08;M;PSC;AC;AC;;;;;;;7.190;9;0.7347;Sim;Sim;Não;privada;tradicional;1;3;Não;Carona;<1h;Sim;Sim;Exclusivo;2;Própria;Mãe;4;6 a 10 SM;5;Não;Solteiro;Não;Sim;3;4;3;5
2018;FT05;F;SISU;PPI1;Renda;;;;;;;2.855;1;0.0847;Não;Não;Não;pública;tradicional;1;3;Não;Ônibus;1h-2h;Sim;Sim;Compartilhado;0;Própria;Mãe;4;<1.5 SM;1;Não;Solteiro;Não;Sim;4;5;2;0
2018;FT05;F;SISU;PPI2;NRenda;587.8;643.5;656;673;720.0;656.1;1.152;0;0.0000;Não;Não;Não;pública;tradicional;4;3;Não;Ônibus;<1h;Sim;Sim;Exclusivo;1;Própria;Pai;2;4.5 a 6 SM;4;Não;Solteiro;Não;Não;3;2;3;3
2018;IE17;F;SISU;PPI2;NRenda;609;627;596.5;663.2;820.0;663.1;7.264;9;0.8182;Sim;Não;Sim;pública;tradicional;1;3;Não;Carona;1h-2h;Sim;Sim;Exclusivo;2;Própria;Pai;5;4.5 a 6 SM;4;Não;Solteiro;Não;Sim;3;2;3;2
2018;IE08;F;PSC;NDC2;NRenda;;;;;;;7.722;11;0.8980;Sim;Sim;Não;pública;técnico;1;4;Sim;Ônibus;>2h;Sim;Sim;Compartilhado;2;Alugada;Eu;5;1.5 a 3 SM;2;Não;Solteiro;Não;Sim;;;0;1
2018;IE17;M;SISU;AC;AC;664.5;679.1;646.2;710.7;680.0;676.1;7.417;9;0.8182;Sim;Não;Sim;privada;tradicional;6;4;Sim;Veículo próprio;<1h;Sim;Sim;Exclusivo;2;Própria;Eu;5;6 a 10 SM;5;Tempo parcial;Solteiro;Não;Não;0;0;3;4
2018;FT05;M;PSC;NDC1;Renda;;;;;;;4.153;5;0.4237;Sim;Não;Não;pública;Outra modalidade;1;2;Sim;Ônibus;1h-2h;Sim;Sim;Exclusivo;0;Alugada;Eu;6;<1.5 SM;1;Não;Solteiro;Não;Sim;2;2;0;3
2018;IE17;M;SISU;PPI2;NRenda;578.6;705.9;550.6;666.9;740.0;648.4;0.000;0;0.0000;Sim;Não;Sim;pública;tradicional;6;3;Não;Veículo próprio;<1h;Sim;Sim;Exclusivo;0;Alugada;Eu;4;> 10 SM;6;Tempo integral;Casado;Sim;Sim;2;;3;3
2018;IE08;F;SISU;AC;AC;632.7;638.3;598.7;732.5;900.0;700.4;9.087;11;0.8980;Sim;Sim;Não;pública;tradicional;1;4;Não;Carona;<1h;Sim;Sim;Exclusivo;1;Alugada;Pai;4;6 a 10 SM;5;Não;Solteiro;Não;Não;0;0;2;5
2018;FT05;M;PSC;PPI1;Renda;501.3;483.9;516.4;544.4;660.0;541.2;5.081;9;0.7627;Sim;Sim;Não;pública;tradicional;1;2;Não;Ônibus;1h-2h;Sim;Sim;Exclusivo;0;Própria;Mãe;6;1.5 a 3 SM;2;Não;Solteiro;Não;Sim;2;2;3;3
2018;FT05;M;PSC;NDC1;Renda;572.3;587.3;581.8;669.9;560.0;594.3;2.382;1;0.0847;Sim;Não;Não;pública;tradicional;1;3;Não;Ônibus;1h-2h;Sim;Não;Compartilhado;1;Própria;Outros;4;1.5 a 3 SM;2;Não;Solteiro;Não;Sim;2;0;2;5
2018;FT05;M;PSC;PPI2;NRenda;;;;;;;4.476;5;0.4237;Sim;Não;Não;pública;tradicional;1;3;Não;Carona;1h-2h;Sim;Sim;Compartilhado;1;Própria;Pai;4;;;Não;Solteiro;Não;Sim;4;5;2;4
2018;IE08;M;PSC;PPI2;NRenda;590.7;623.4;600.3;735.8;720.0;654.0;5.386;8;0.6531;Sim;Sim;Não;pública;tradicional;1;4;Não;Ônibus;<1h;Sim;Sim;Exclusivo;2;Alugada;Pai;1;> 10 SM;6;Não;Solteiro;Não;Sim;3;4;2;5
2018;IE08;M;SISU;AC;AC;567.6;625.3;648.4;659.6;780.0;656.2;6.646;9;0.7347;Sim;Sim;Não;pública;técnico;2;3;Não;Ônibus;1h-2h;Sim;Sim;Exclusivo;1;Própria;Pai;6;1.5 a 3 SM;2;Não;Solteiro;Não;Sim;3;4;1;3
2018;IE08;M;SISU;AC;AC;589.2;603.5;629.5;806.1;660.0;657.7;6.528;9;0.7347;Sim;Não;Sim;privada;tradicional;2;2;Sim;Veículo próprio;<1h;Sim;Sim;Exclusivo;1;Própria;Mãe;5;> 10 SM;6;Não;Solteiro;Não;Sim;;;2;5
2018;FT05;M;SISU;AC;AC;598.2;568.8;541.7;601;680.0;597.9;4.987;3;0.2542;Sim;Não;Sim;pública;tradicional;5;4;Sim;Ônibus;<1h;Sim;Sim;Exclusivo;2;Própria;Mãe;5;<1.5 SM;1;Não;Solteiro;Não;Sim;4;4;3;4
2018;FT05;M;PSC;AC;AC;;;;;;;6.312;10;0.8475;Sim;Sim;Não;privada;técnico;1;3;Sim;Ônibus;1h-2h;Sim;Sim;Exclusivo;0;Própria;Pai;5;3 a 4.5 SM;3;Não;Solteiro;Não;Sim;2;;3;4
2018;IE08;M;SISU;NDC1;Renda;586.4;589.1;584.5;697.7;640.0;619.5;2.979;2;0.1633;Sim;Não;Sim;pública;tradicional;1;3;Não;Carona;1h-2h;Sim;Sim;Compartilhado;1;Própria;Pai;4;<1.5 SM;1;Não;Solteiro;Não;Sim;3;;2;5
2018;IE17;M;PSC;AC;AC;;;;;;;6.470;8;0.7273;Sim;Não;Não;privada;tradicional;1;4;Não;Ônibus;<1h;Sim;Sim;Compartilhado;2;Própria;Pai;5;4.5 a 6 SM;4;Não;Solteiro;Não;Não;0;0;2;5
2018;FT05;M;PSC;AC;AC;593.9;638.5;610.2;725.4;820.0;677.6;4.834;7;0.5932;Sim;Não;Não;privada;técnico;1;3;Sim;Ônibus;1h-2h;Sim;Sim;Compartilhado;1;Própria;Pai;4;3 a 4.5 SM;3;Estágio;Solteiro;Não;Sim;4;5;3;4
2018;FT05;M;SISU;PPI1;Renda;586.1;582.2;611.9;714.9;640.0;627.0;6.746;8;0.6780;Sim;Não;Sim;pública;tradicional;5;3;Sim;Ônibus;<1h;Sim;Sim;Compartilhado;0;Própria;Pai;6;<1.5 SM;1;Não;Solteiro;Não;Sim;2;0;2;1
2018;IE08;M;SISU;AC;AC;567.9;669.9;650;739.2;760.0;677.4;6.225;9;0.7347;Sim;Sim;Sim;privada;tradicional;2;3;Não;Carona;<1h;Sim;Sim;Exclusivo;1;Própria;Pai;4;6 a 10 SM;5;Não;Solteiro;Não;Não;0;0;2;5
2018;IE17;M;PSC;AC;AC;;;;;;;2.794;3;0.2727;Não;Não;Não;pública;técnico;1;4;Sim;Veículo próprio;<1h;Sim;Sim;Exclusivo;2;Própria;Pai;6;> 10 SM;6;Não;Solteiro;Não;Sim;3;0;3;5
2018;IE08;M;SISU;PPI2;NRenda;574.1;619.9;595;813.2;720.0;664.4;8.509;11;0.8980;Sim;Sim;Não;pública;tradicional;1;2;Não;Ônibus;1h-2h;Não;Sim;Exclusivo;1;Própria;Outros;4;1.5 a 3 SM;2;Não;Solteiro;Não;Não;0;0;3;5
2018;IE08;M;SISU;PPI2;NRenda;605.1;622.8;432.5;770.7;820.0;650.2;5.480;7;0.5714;Não;Não;Sim;pública;técnico;2;1;Não;Ônibus;<1h;Sim;Sim;Exclusivo;2;Alugada;Mãe;2;3 a 4.5 SM;3;Não;Solteiro;Não;Sim;3;4;1;3
2018;IE17;M;PSC;PPI2;NRenda;;;;;;;4.261;5;0.4545;Sim;Sim;Não;pública;tradicional;1;3;Não;Carona;<1h;Sim;Sim;Compartilhado;1;Própria;Pai;5;3 a 4.5 SM;3;Não;Solteiro;Não;Sim;;5;1;5
2018;IE17;M;PSC;PPI2;NRenda;512.8;585.8;454.8;669.9;760.0;596.7;5.228;6;0.5455;Sim;Não;Não;pública;tradicional;1;3;Sim;Ônibus;1h-2h;Sim;Sim;Exclusivo;0;Própria;Outros;6;3 a 4.5 SM;3;Não;Solteiro;Não;Sim;2;5;3;4
2018;IE08;M;PSC;PPI1;Renda;582.5;609.9;577.8;648.6;460.0;575.8;3.658;4;0.3265;Sim;Não;Não;pública;técnico;1;4;Sim;Ônibus;1h-2h;Sim;Sim;Exclusivo;1;Própria;Mãe;2;<1.5 SM;1;Não;Solteiro;Não;Não;0;1;2;1
